urlid,label
5865,0.8374821644649447
782,0.34333783968494974
6962,0.31936440032555435
7640,0.0863389675943474
3589,0.25577181834395424
6719,0.4296003767531772
3905,0.4714340074992477
9841,0.8789421747195942
7447,0.16541475829596958
4776,0.45756106527862417
2879,0.76551822265546
2620,0.35314219200975683
10479,0.14047022424774483
1105,0.1768602845801409
1849,0.20505001252041455
8286,0.8101102383816712
8344,0.36403901977270964
10486,0.8544662506977216
8661,0.9068134855686666
7188,0.5680759262527117
1433,0.7274719929700716
677,0.31090878722643606
469,0.8947684721100304
6988,0.40240969512440605
8024,0.2582484302174499
6896,0.38020075921025476
9154,0.4725242161223583
342,0.7353829145131513
50,0.5213229245951605
983,0.34122714904844387
6933,0.28684084206260574
8271,0.3321995426727492
5602,0.37073225480810995
4505,0.21265009223444817
4966,0.7456124835765364
2390,0.5045701559658846
6736,0.6063514832586431
4660,0.8887808049683755
7560,0.8766292783024543
3840,0.5406392579311703
5823,0.8494530007668322
5789,0.8463418017387426
1595,0.088823333265316
6770,0.6937827010137183
3522,0.966478311781674
5584,0.7405085471268862
8323,0.7536207677827272
3862,0.7052870516267585
373,0.2469246576698447
7345,0.5832519449611747
7708,0.5780324741590209
1398,0.7409733025657528
4298,0.3631945741697586
7467,0.22645349036002638
1878,0.6530106260794637
1832,0.42261531581702977
625,0.37892868027312493
7438,0.10559703289918362
9961,0.8721150340650883
7117,0.0607225695564019
8190,0.31076619091342655
1713,0.44499789350166585
949,0.5418149643075095
9246,0.15280554500840945
2326,0.1716425896487474
8942,0.4879679065599186
4458,0.7436484232120532
4659,0.5120165955274915
9522,0.19801391187260897
2497,0.7308124867342566
9836,0.5682876292586214
3808,0.9724454276008313
5575,0.5473614328771652
5714,0.1931919700841336
2490,0.8536072831249764
6812,0.5941367504450807
4335,0.37413106203014035
10014,0.7571086711417971
5889,0.8018552553815397
482,0.827305776641609
8082,0.47415368509909345
5856,0.954011642235328
8866,0.22047985874867757
2624,0.833696897935279
1371,0.6454900916287905
4436,0.18481617655035953
2972,0.5261470005261399
3638,0.6448030432484266
6249,0.6049998104059159
7602,0.1256340120467999
9624,0.9863560059892604
7567,0.5299690088374366
6578,0.3826184455386697
7590,0.31712730262331124
8590,0.738937468403702
10520,0.9294981880614306
1906,0.18723809286616602
1373,0.23763615278571437
1601,0.8601687423451944
4754,0.1540443086527976
8208,0.11395951702797771
1658,0.8938391594356908
1352,0.9448100974719165
8143,0.854238456521802
7760,0.8083912955272244
7836,0.8346101679445714
9769,0.315593230526017
503,0.829036569834997
4909,0.44634075057384215
7162,0.12401486250900527
10035,0.3587714045691295
1992,0.3512400002046281
6133,0.2558310210798623
8519,0.4133079982189161
1879,0.6505306847092523
7107,0.6042305646269943
1225,0.50277378731794
2451,0.8236261823492252
8252,0.13806456852068824
9214,0.16605091339458206
4850,0.802834565006843
5891,0.13901672732544315
5274,0.3607700444606991
8623,0.15176336148218111
562,0.8569135845393872
860,0.30679160865791033
4199,0.8729173599693596
7616,0.21660076490787855
10544,0.5294600465189777
1567,0.9402322335336989
6552,0.5789690943540042
954,0.19804267515000512
111,0.39957492756015656
7036,0.8285555326223479
1995,0.9745965876309782
7095,0.5457907704695906
10180,0.5045326712836604
6872,0.5861826122950976
4805,0.9727059953896415
355,0.5496792473344814
8097,0.5540414479086027
9271,0.6705587990986003
431,0.6245664066763299
1646,0.6634482385441085
143,0.8740876461729257
3436,0.18786551153862308
150,0.5779687897421428
9745,0.3450254862318791
715,0.3613208538757399
578,0.49810887652359276
8684,0.9400324116685197
1186,0.45044943251208425
9115,0.4646523956340283
9239,0.18699466114689567
5461,0.6254321630325299
5424,0.7776699570603011
1349,0.6793912652678313
609,0.5642874299342473
7569,0.541707247873138
1622,0.6306327972869257
6541,0.12885806739512773
9873,0.6244216978659798
305,0.16138936385917507
6041,0.418569240839125
5360,0.6016546725688242
8445,0.7474376359613562
7260,0.42492707966831544
4526,0.7713513742469096
138,0.31348461219691465
168,0.13286169363280662
7888,0.5594268406954654
4639,0.9733190361203088
867,0.15769507827505597
9673,0.385079238108051
710,0.39107047720067273
4749,0.15614774675371
4716,0.1972636006893403
410,0.5202336769288964
2155,0.9787433081491745
3289,0.2130853653897744
7774,0.4097616156319658
1200,0.29207369567901
9057,0.5029312778775255
2261,0.3735888563426705
9612,0.36909939075909126
4987,0.29183463250652847
3605,0.653810577060252
5068,0.6436479890831778
4474,0.6878593216110388
5831,0.754810566588038
4729,0.5447108450110841
10060,0.6746499121545522
6895,0.22969755331972913
3791,0.61480194462443
7910,0.1860992660224461
4209,0.38875033894676453
4984,0.89696931124926
1773,0.23932987224266453
2101,0.757477909882983
7251,0.5076328921769935
2887,0.5173937496322196
875,0.3947399626264692
8185,0.555785904937166
9688,0.8657273923189197
5342,0.21786772671299937
6802,0.3113675292453537
3077,0.5114578484723424
712,0.11412747512310778
3026,0.26635503896268864
2640,0.21704388594970533
4872,0.12899049934635504
3334,0.45592120612651943
2431,0.36000410550633877
9218,0.1709863166565977
7417,0.5908640242861112
3563,0.9143997269027513
1006,0.7597332938068946
8940,0.5128141041374802
7703,0.3110574032537807
2686,0.4982863162295367
8159,0.9123386750598101
37,0.1560706178516745
65,0.18119220321758508
1910,0.5500345417272716
2202,0.8671784227068493
9717,0.8760473329091067
2388,0.7711053488213934
2365,0.2166514882000436
5072,0.6066946096489166
4614,0.26973419201380255
6955,0.1798835629134111
4094,0.20602426602634025
3319,0.8514401856179061
1456,0.9248666839591768
5381,0.8559828440256079
4479,0.45997371894925176
4766,0.2159554489629849
6076,0.6680148318519377
8064,0.17973384448056404
3416,0.7042696559486388
4892,0.25958683942899485
9942,0.8935725369624388
9215,0.3558569210414644
4506,0.8736427350242653
9275,0.593817418789307
1306,0.9281605281463223
6828,0.9167093097889152
8368,0.4845127590047642
7205,0.3364051577784865
360,0.7955360382045453
3386,0.8260238703343782
3835,0.2631933382588658
1305,0.19567231787471806
7963,0.17999640617039328
2073,0.4941884864057756
4230,0.1909058461577876
9012,0.12254519105227893
2723,0.9022338424891525
6788,0.5347042505509119
7945,0.3815004505661535
4868,0.5982735360380615
6597,0.758082565378748
7323,0.22528672142331793
6229,0.6312489076503678
3427,0.3008613697030442
7727,0.0859144348591619
4707,0.824443980085139
2547,0.8009832042204428
4523,0.9491304161290385
9648,0.4714297557483209
1084,0.3248475610645762
3327,0.8977420306702248
5591,0.20287260655680234
186,0.11748544978726365
2938,0.4683607562532429
9912,0.8810832831994109
6047,0.4492523883461965
2417,0.5617070809340199
10533,0.06278108149874097
1137,0.3728885274264472
1533,0.9308218106762096
9233,0.3825023172889558
43,0.2810867598573449
8986,0.15261751761662973
6000,0.9154115233076737
480,0.765002797635968
2457,0.3845113390264188
5362,0.09645818411165591
7722,0.6081772637128604
7940,0.7406850931566722
6104,0.8442837613042123
8853,0.31801613720088107
5813,0.8956141314876904
4769,0.18823526253785575
2544,0.6824869601749597
6379,0.27356881383436404
5262,0.4597011197143171
9885,0.13026742607409164
10081,0.2920518749804391
1315,0.43628190699485464
3388,0.1615887517150742
3473,0.9733509774412598
2117,0.18742200389663172
9411,0.22223734151265542
9379,0.7590738198116302
4236,0.2697179012780266
2049,0.383726982299935
4786,0.20365464981241665
1604,0.4446987775840157
7659,0.09432875953710088
8152,0.5980155209089452
5417,0.33908344028421533
160,0.42662227733402036
6826,0.9271269536400438
1815,0.8028324773191164
3647,0.806980730272035
5605,0.37562156184636464
3526,0.8815136097452401
3854,0.6615328979056951
1053,0.7850526796306069
2411,0.5051900777607955
6015,0.2694064444558192
2089,0.9209158647594373
7745,0.8654621788678104
6816,0.38999648538056647
3934,0.5151245932324335
6547,0.7395705600957811
3758,0.826571124348723
7158,0.6726365018164376
1584,0.48613904730445384
2982,0.6115707475979311
7679,0.7713261954209448
5286,0.7764825189971503
3776,0.8658816319913113
1235,0.8888270170556654
6294,0.3398788438336944
1012,0.5865799384059582
10318,0.4293322683440466
7134,0.3498964118811334
5180,0.9088016280043798
2108,0.338569951664992
3639,0.3095674757378191
6729,0.3904830004576848
2472,0.29799239783822956
10235,0.29797219259242924
190,0.7959845502098377
4713,0.43669931505939863
6827,0.535093001834662
6108,0.35827363772727505
1114,0.8745305630428267
4848,0.2870949291820943
606,0.8564624582381096
1573,0.6829231469383166
8546,0.6105765978835004
5193,0.2914493673810014
2936,0.23115833125222537
5104,0.8168794886986844
6712,0.13170617466178158
3055,0.5528055599038839
74,0.9360217813914788
7726,0.9150493090045697
9183,0.15066462114954227
162,0.513243102413985
7288,0.653023495094214
8657,0.8569400573426442
1295,0.45633912319344155
8207,0.5298378065030991
4433,0.365207381330148
590,0.6991569359905051
10549,0.46910482816201426
7749,0.46559540862651766
405,0.6770741496592276
10267,0.6652973134736175
7133,0.344317537893274
7584,0.4958508990227697
6616,0.7785459378017128
1719,0.5557412333767072
9761,0.4996548132429631
5859,0.29092738003074686
5662,0.22329104135743408
1736,0.19101490245966873
9333,0.3765650538949863
1102,0.3327361377782504
2790,0.674535970613713
6598,0.6258634275648365
7995,0.8787692862831791
4452,0.8206398478986658
159,0.3009724217847088
511,0.5038463881135175
7006,0.5376711618340759
1123,0.8460654582053375
6073,0.4318669431863931
7094,0.4722201573647185
10008,0.7302038045559159
7573,0.1506844626502263
679,0.34980914150507797
6809,0.3015093047257234
1108,0.2785454302895627
380,0.2959221078016626
204,0.2906197544224475
7075,0.506151973252226
2550,0.42637593743828284
9785,0.33662129367368604
5036,0.8747035788238697
3129,0.20331070751638394
6495,0.9163966697817812
880,0.13408307234888014
2360,0.6511530558819281
7839,0.3976987733777107
350,0.19230849374244274
9151,0.8625603046943802
6650,0.4571387559892819
7208,0.6982033346639694
5840,0.42629421159534747
5997,0.22391502348608405
2103,0.8682885698568192
713,0.47070545337856107
7771,0.585998887030116
10255,0.3790725326075782
3944,0.7907148157650952
4250,0.7708965627709617
2833,0.08468377471511468
3052,0.4284984998436944
7855,0.7622448481648741
4152,0.5190982090857403
4445,0.8466283281639702
10036,0.5729685772027278
9727,0.4629679330815135
2234,0.5910170153664029
9632,0.7554579886941349
626,0.4339016013527069
1644,0.2647937629525612
4859,0.9268653733594433
3987,0.4654047701859065
5884,0.9481270507928667
4112,0.7602810384566456
10392,0.0864323147437
2962,0.3643936640813861
21,0.42790209347953645
8524,0.7859152589311021
2543,0.6310544861112857
663,0.3320111319271032
2748,0.47068140776177014
3451,0.10320732961636164
964,0.4676232247561698
10560,0.7182203381692246
2428,0.3552041044353554
4520,0.11678638081761912
7660,0.36125885483931675
6583,0.7991448074135206
10390,0.1654341315172263
688,0.28805562936861717
7957,0.8445919561391003
3356,0.7573526932136416
1766,0.38994172238121927
9128,0.46459826675569116
2340,0.17758292017565908
9421,0.15845127005452786
7712,0.6561178962350076
8200,0.22707794953979615
8762,0.3403773702051293
6446,0.2252625219141124
5194,0.06250360043137045
960,0.3919447804989191
779,0.8895929451861075
3584,0.42829956116322454
3011,0.2220244547722432
2769,0.1845888658472988
1392,0.2939890512451181
7254,0.3310725545783676
9084,0.46823942300400717
9622,0.4023232877406694
3665,0.28326574475772415
1609,0.5476722878579624
6130,0.2694930692378277
10155,0.05240989512508185
7826,0.9203214620782256
8300,0.15021463627049206
5038,0.5700483196005752
7582,0.9132869791780684
9561,0.5751089775393645
7430,0.7794222678801497
5045,0.9628063098044563
10421,0.13076474089831833
5675,0.1881886418436819
4687,0.31716304435816023
4944,0.9233328068529493
5105,0.6712019585533378
148,0.26768676543258363
6371,0.2286989598079021
8108,0.10524013785049569
4354,0.5047994776203919
6077,0.9167103478265355
4292,0.33965576539316417
10068,0.2951303777993696
5821,0.32727630501639865
1042,0.8478616584088903
7715,0.15894503435099921
9703,0.17432161946353672
2761,0.36839728589071463
7002,0.35361761955941495
7313,0.659858008563606
9050,0.4998087754270008
5518,0.2596238459081949
10556,0.792469919385893
1078,0.3297778250479508
9699,0.2754944751663684
10445,0.7409415606095304
8748,0.9317587180552298
2960,0.452003117010021
4317,0.3080791836123759
939,0.31813973624506686
8423,0.2027315977958682
5196,0.3565301805283167
8151,0.4996424889266863
7199,0.9028252999050085
1574,0.27572293269784925
8566,0.3135115342559624
7389,0.28405702993101895
1177,0.46542700612359544
10282,0.6160521587354095
10098,0.731518498728808
4512,0.29026270213289435
4055,0.8807099210330268
8431,0.8040612507617879
4532,0.40127955716423325
10450,0.21643543958622866
5754,0.8603554382543123
1882,0.5889985423719765
1563,0.9615040546569844
4871,0.9547746417919415
8440,0.16824204756709368
3253,0.22639800482050787
8270,0.3848857594641737
4610,0.5413558327901704
9619,0.1522713568869768
8786,0.2934286760392294
2889,0.8963462799315418
9781,0.49176670226267793
5061,0.8325533930044406
7059,0.8935680108654676
2064,0.9318400703574741
1587,0.6907158322082168
1934,0.724712883698832
5516,0.15622224342478241
9853,0.2632878142107614
7867,0.26601446963856024
1556,0.60726098943508
5495,0.5109804940336422
4274,0.6889261304764698
8177,0.23029958067486084
9491,0.8446366542813581
9813,0.2021383882961712
2205,0.16629351724569189
2710,0.43531985905291865
2992,0.534539024671364
7998,0.30433785837440036
6428,0.5723709232633714
6638,0.3143582801372705
3035,0.5597660336413497
1578,0.8470957257309625
1324,0.5535007384878441
2316,0.7320606365545523
9326,0.17255456939121372
7359,0.8519382760335867
7741,0.7130015092354163
5143,0.3009501807112616
8196,0.5923921527743861
630,0.251211362428952
8481,0.8375429859689622
8497,0.21833013214798075
5409,0.8585296429050121
5749,0.16117190457161712
8219,0.815083394642691
9571,0.7561222080855368
4886,0.9457667196276011
5367,0.38265798683135865
1185,0.45896301080574997
8291,0.4661651978994704
1590,0.34155839559284173
7698,0.21220705204884685
51,0.5484512378656077
8784,0.08343958582592971
3928,0.3569503396576641
5987,0.2578141930633572
7008,0.8010301795947794
7482,0.4491431432069892
9374,0.6189711001975652
1296,0.8475299116975991
10289,0.850438858744699
2986,0.2050525309114264
4651,0.4086483389214227
8594,0.6021754892385761
7469,0.37644060469798307
2871,0.20934754192857377
1903,0.8564805798689734
8571,0.88274322641089
4832,0.7977099922314939
1242,0.7504694534492959
7115,0.19558651418434067
3599,0.46379078960054326
2065,0.22319473714106497
4529,0.43209503838616137
763,0.625939914736303
6698,0.7479366292162621
2002,0.7994344450463722
2020,0.8069313680768313
5229,0.587247797733135
8243,0.30531352404735074
6936,0.6085193941610565
9360,0.2077996043763778
4360,0.45102264159574357
7951,0.2306290924248865
6701,0.6340725802490619
7574,0.782863251816565
2426,0.21209276589395698
1681,0.9223316118709377
7135,0.37633907112459586
3688,0.17864243802385724
3872,0.5100202212909741
558,0.25792734122376615
2228,0.8195315462538203
8170,0.16799282954544825
7171,0.2091298967211839
7756,0.1337731052194823
3609,0.33433727511289585
3985,0.3491680364554168
1139,0.7466398284490535
3453,0.5245152245649327
7583,0.124924576630077
9788,0.8709715050044614
10175,0.6527902901385333
6059,0.26577895873623353
104,0.15264757242233884
10168,0.3182630458161152
8902,0.6795958559438567
5343,0.9080343574932925
4239,0.18551859725749342
6767,0.4012801675324414
6269,0.35205982378418343
6682,0.3286774159273457
9558,0.6494590300442258
2416,0.2906526247656345
6592,0.24923554048162974
6196,0.4950194330958376
2751,0.8920827477049544
3412,0.674772331805556
8302,0.9284077262589854
1120,0.7577908426143515
8005,0.16036261668698287
6637,0.5084872305681074
6440,0.2696575873050901
6679,0.7107567177091583
8039,0.8996775992157018
5357,0.8753124371652488
8844,0.8057030353833465
2964,0.12299612136220146
6040,0.1768445615317405
7259,0.7077145956802222
8974,0.7200948579967039
7439,0.3096759473667466
1045,0.600914973518381
7706,0.39016722176398133
9724,0.18461364947198966
3698,0.27937833305482723
7339,0.8809963567771567
1749,0.8634254912875051
7257,0.7142383876332266
2963,0.8754252854495002
7775,0.11413751625828662
10501,0.2182959233782215
4258,0.8458772002169135
7908,0.8410241083037642
722,0.5140317296178162
6519,0.7387158820629098
6916,0.5107753480674161
4456,0.8743396261271472
2731,0.7094782190977296
917,0.7662693608382808
4107,0.321014408105539
7894,0.5055391051188854
2540,0.28834954437624344
8455,0.8436094781279415
10406,0.6713036664522137
8909,0.5218345826252927
5489,0.43126275286278815
306,0.8241462380084401
3894,0.40808992900920166
2735,0.20208249669594325
4939,0.7216644780912891
1551,0.6121144894528883
777,0.3666837844902441
2160,0.8202811201364355
8599,0.7414320323273971
2727,0.3362265639733354
6362,0.25012972006253303
1417,0.9724572738176344
10343,0.5504083306284442
4866,0.7650775845010502
2682,0.29226465492646453
9856,0.12264791119654248
4498,0.1852478339121126
7450,0.36020141676704875
6899,0.2750639649367088
5649,0.8473423610271067
6086,0.23498138361789653
1618,0.10819063120164651
9926,0.3279712611793766
2847,0.27140547540576654
8099,0.663025069796404
5724,0.594011697803033
3358,0.20306022765253956
8136,0.11080341761276681
955,0.47483955947215206
8819,0.1717905234059697
5832,0.5508545424354626
10413,0.6519307025115725
6548,0.2637452811074096
8407,0.5968834162827191
10090,0.736248348761062
8564,0.31565626301925775
808,0.9517150781354612
5303,0.6441584551235212
8913,0.8001160928650883
9425,0.9275809214868524
9543,0.5857817488818049
1219,0.7167410329640811
9575,0.8372081570878651
4019,0.45394745875556325
6223,0.8640241008808336
9588,0.2191488573463577
4739,0.201507751686964
10492,0.6975013399667228
2017,0.5413598564892536
5524,0.8178471948297341
7449,0.7803743275203656
5734,0.18406204298127513
5456,0.16896714914137792
797,0.8182567015778244
5525,0.590397766000538
8265,0.6213057641376689
1981,0.8408490240747892
8977,0.853884059853206
6241,0.8064558303879465
6021,0.24524873639273687
7720,0.25830529603456154
8632,0.41237322650599223
6705,0.4794580069446801
2476,0.7855478157965989
3510,0.47044937686557153
8887,0.5403341624659648
10115,0.5810312043077296
9061,0.7051483947382036
5570,0.15152952714494247
2763,0.722200157461065
1437,0.7749530454452573
3448,0.1832796950863051
3529,0.3299713492835409
3156,0.25699660235200605
4604,0.6827181388010757
6776,0.8472122061513956
10227,0.38418151702231673
1545,0.5467153208515458
10487,0.21421916481431752
993,0.3227645698402214
1161,0.9625009769971707
7975,0.9818474829908721
1591,0.12969804842879323
7804,0.9770826920519814
5048,0.1988895880441146
10454,0.8908521790252937
3567,0.5375403350993805
5886,0.5409628405772253
9937,0.602412603246683
3931,0.4923166110443937
9706,0.9158938713867424
10193,0.7482301089993233
5569,0.6657350001279443
9747,0.11402070561049149
2217,0.7846065203321356
5936,0.44969878139953745
3885,0.667935520493213
1086,0.27267717511319256
1799,0.6741160430856172
9763,0.8987904151746204
3299,0.09736099960783631
8268,0.7076647580915254
473,0.44331031006588995
337,0.7537729542458489
9381,0.5980462344375068
6426,0.4884261039066799
1210,0.3886242642311616
4986,0.8382168234351759
8285,0.30597256157324737
2024,0.3606362880454158
245,0.9468392393400371
4807,0.7683641583733156
2208,0.7019053228607408
9835,0.16573167739215955
8963,0.683231342408693
9946,0.6709361293480918
5230,0.2676531210377086
2788,0.4288992882351128
674,0.2739823658161589
1629,0.7624316540437519
2300,0.2396084834210127
169,0.1759091984694973
3575,0.44315990508266057
6910,0.2581357025007005
1479,0.506830642042217
10498,0.3085308932115616
8062,0.508158171217195
9672,0.14782963958861844
9467,0.6597867614443823
6763,0.5562726404455168
8508,0.12589703912099673
1034,0.5571696560600773
3756,0.28114750787254195
9263,0.2596791537654248
8141,0.4307516501354063
532,0.5257818160207606
7022,0.3315458091495536
4024,0.24995802919868748
3298,0.14177723630685185
5641,0.38336136933520887
10455,0.5529867325435077
5206,0.7410063188594087
7005,0.14358325538301472
8971,0.19222312492789162
8358,0.864008894698167
257,0.6391620779974361
78,0.9369264264948393
6333,0.6570942266924062
7969,0.5547363626842018
2505,0.23660837894940945
2004,0.803223873631568
3748,0.8799578260676804
5668,0.22705340014203151
365,0.3277960749585008
9651,0.1367905057267783
2324,0.16440721738248576
3902,0.16402198797385936
9294,0.4417057938928072
5377,0.42525500117600074
2817,0.5124208566631286
7670,0.467577513024476
4755,0.732704702864361
255,0.96540710984291
2714,0.5317493881184217
2922,0.4542444396694068
5517,0.7748939164962194
5157,0.37557114846861084
64,0.086735989846253
5300,0.18421623295574727
451,0.2739671066727068
3941,0.5029162018181126
326,0.3017490508539057
3757,0.34005649848597436
8798,0.27056951689698533
2315,0.5823406532829646
6755,0.660328728413764
2916,0.7698563588414394
7406,0.6968301074875884
3703,0.7474861709498712
5403,0.5278797562580054
622,0.28170874237279964
9,0.7801055817278835
5848,0.5317274075286234
8670,0.188787550304449
1156,0.14727553448394326
10179,0.39631715993754985
2028,0.7671578192788723
3924,0.8172122317403795
620,0.06753447269869821
1963,0.704352248622675
4537,0.33800587445290164
8970,0.28486244729321736
3024,0.9312078467721302
6140,0.9353601746063898
1866,0.6544866903826565
4442,0.771973002707693
2312,0.14221245696575324
6749,0.4894111144408575
459,0.38193852037652704
1516,0.617935719770687
8817,0.32362924598038645
4912,0.1608005091722953
2076,0.519206383110501
10023,0.8547463546688818
7684,0.7233526117149256
3531,0.2755287837993883
6209,0.7183000457672267
10508,0.8962816087002847
8678,0.5857822199631383
3541,0.22139588057109588
1208,0.4811328981927626
4090,0.7592647738952956
1097,0.27512715672483357
5099,0.9606920373464143
2816,0.45399350488073653
4291,0.2395078291359792
1409,0.533172400512542
6401,0.2504217450103807
4617,0.40149901851523384
6111,0.19892476003437987
6172,0.7167107497982085
10357,0.14031965168307764
8465,0.9214521320835478
3867,0.6201106031993378
9495,0.4840134492810647
4348,0.6404754040830766
7879,0.525947485548602
9273,0.6729066807125303
3252,0.5388532513147143
9167,0.4987184269830106
2573,0.20035460993773818
7395,0.35320190310251126
9046,0.4630226213546016
1526,0.3493086434962103
9339,0.3080575805001941
10301,0.3840334585743217
7588,0.667605644124102
1104,0.09898477974229668
1310,0.5116767824739585
6631,0.1958863305569489
10475,0.41916466659619367
9090,0.5560741321865007
1528,0.3432059995761454
1657,0.9089540698884653
1175,0.5943260973612478
1895,0.26903823313370245
3864,0.5264271778222167
4700,0.1777816398609937
3572,0.2708222560819331
10507,0.1361337136999114
269,0.5765349530923238
5744,0.3664183066421331
1687,0.7869599795951114
3020,0.1356439253342248
4974,0.881562005051773
5119,0.46285958130911287
1916,0.9473595388810224
6687,0.9381459001602339
2197,0.5488823271240538
8641,0.7999435678153638
10073,0.8073640950022989
1967,0.4304621445137055
4999,0.19380738940714531
9816,0.47962879871699965
734,0.8337139988036386
9665,0.7573469859431291
5092,0.8058612767048363
2591,0.940717631910435
9877,0.8998858523832842
4601,0.9227364654075274
7734,0.5816361133332085
7185,0.7501873975169645
6405,0.18409423261469826
7003,0.2903474941388953
928,0.2717522404689389
6490,0.2748569501066098
1586,0.25432584551626325
10139,0.9057387221498162
1192,0.6507944415445809
10526,0.15686540350165554
5544,0.6494930987073623
8779,0.2366512178239929
4497,0.43508195446490094
3059,0.8059401449354602
2181,0.1943570717930766
2303,0.4416071814042227
1190,0.7083454156156488
1468,0.05610646535967445
8771,0.24208166504192385
8997,0.7896108951684682
6365,0.8197804978948291
10355,0.17794399516815212
3478,0.26310409784126787
3764,0.30834886803878475
3542,0.40239394329581035
4941,0.11844612595302993
1840,0.4006195548605121
463,0.2979821607753819
7407,0.42026139686758623
7711,0.2970218255662108
6044,0.43810323439586063
3750,0.8103518404013141
10114,0.13857906006464354
1332,0.7697073251000477
425,0.8786798545551415
3479,0.9320538582595178
1979,0.5157036688813503
2994,0.6865047102074129
207,0.513204558953374
5820,0.9377450823398426
9187,0.4742709076943171
5423,0.6140979853487372
2743,0.753225889055632
2902,0.9676516953787178
9126,0.9550827661648652
7903,0.5226617907681432
4100,0.7424661490464477
3578,0.3090435902251872
6061,0.7032698253373773
5081,0.24248022097300792
4575,0.43629965999347287
6695,0.8430290784953917
5960,0.3644703689997081
10186,0.3565331750332057
6795,0.38331085938692167
10022,0.4454998400206384
5841,0.6368706728528998
7481,0.07939474384271147
9331,0.4527276323280534
400,0.8575562297361812
6907,0.5331555207800656
10393,0.3897399961724634
3709,0.8819651271518592
4726,0.7256476214935392
3007,0.11305629607058938
4723,0.26414577002395057
597,0.15103481555628562
1810,0.8901239261762444
4131,0.6316198766576933
4697,0.9055056270561131
8838,0.9675609135716556
5956,0.18023518299295146
4196,0.5997892599846664
63,0.8538702620987552
1714,0.4842186443339487
904,0.20188961279343476
9715,0.3247173724205549
4,0.2283069324718483
5462,0.686711917011634
259,0.49104999620745055
5418,0.08289260641715454
6849,0.12748630569404712
9893,0.3037877246301825
10003,0.88841981672017
4976,0.2131800985449007
7611,0.9645486150950997
900,0.09133225862777056
3746,0.7910301143565279
3893,0.17664329795697173
2966,0.13515456879642604
9667,0.9252814187328229
9734,0.11370064095679858
8123,0.5940622389032736
8470,0.8387362715537523
4058,0.7369979226354839
4623,0.7539820780294257
3782,0.40854102880841525
7966,0.6199391182057671
6003,0.9391908154950255
2168,0.3162497813297601
422,0.2286487997606365
6381,0.38230689645279425
1136,0.9581166406404101
3443,0.2992856857430909
2214,0.48384601912498126
9973,0.9215822740097417
1593,0.43235385096641593
5474,0.6697948536031179
812,0.8535214944819058
4703,0.16350046245507938
4294,0.8047779195853824
10021,0.7883767004564368
395,0.06602707017101116
3237,0.5164619601829712
9099,0.7430583927225338
2401,0.1996037184491137
10371,0.5188554794781756
3420,0.7634056046575768
3460,0.6862875082920407
9088,0.32513133508232
5995,0.9308407352659169
3084,0.4205617896668914
3595,0.34376904808828196
9524,0.8070314287456515
167,0.6480612190823785
9743,0.7150185130130124
6109,0.1375676275779493
433,0.16137430653700088
6292,0.4298150522702609
8125,0.19366568270987866
4035,0.6801615913334844
2929,0.6410007986981199
8810,0.9004668541491134
4403,0.3887633983575528
3925,0.7629102487139457
1290,0.281995356734854
3689,0.8936735984131065
6709,0.20874730957427112
8021,0.7964201292963243
6237,0.7294958933831749
1453,0.0731595631108227
7340,0.438962368807533
6078,0.1862031977640258
2369,0.09290703919414832
1781,0.1382190475554117
3830,0.747290168411724
7625,0.23186105622369502
8150,0.1658956878315203
1680,0.47506406824183606
7077,0.13127022643319697
3360,0.7721338809211561
7927,0.7772152114080773
244,0.31271850117385813
8107,0.7796844716274337
820,0.8906848124417692
5915,0.9149922153115041
924,0.2871532690604218
9207,0.36816798490517677
4077,0.7324250617014263
6052,0.6456069561000592
508,0.6640013862910492
8105,0.22011047746167428
4405,0.21835447513415265
7558,0.20462180801553104
6094,0.8455725404419819
484,0.8320948965892108
8927,0.20831226602782624
310,0.2932052589456461
8075,0.8914404753171019
1094,0.40770289632978945
3211,0.3966490412606582
1700,0.5524492922172725
4816,0.6424450932930187
9354,0.8901356680689136
8845,0.5516212610000284
7530,0.7021871713672753
1520,0.17436570598088694
1087,0.907874233136564
5786,0.5951740838392389
6847,0.7277883855890969
999,0.4702523585926559
5308,0.4886925435263323
6569,0.8926115211577859
10200,0.12405828943959062
5868,0.8418800361788502
1757,0.17424053920643617
4625,0.7459039680339306
2955,0.8138900489661616
6187,0.9465849010099121
9931,0.634582216497403
4883,0.8417412530731759
2488,0.8196940492757444
156,0.8197822768434162
2820,0.3776925549405138
1311,0.2508387555275073
1517,0.3596607719530525
3640,0.6034057265012288
5763,0.2223921493048347
6689,0.413631907657762
1193,0.5602907532863903
8217,0.4392646102983608
10327,0.8162041000225283
5042,0.10749301861669218
6903,0.29563369536400796
2068,0.7963498044227676
7614,0.4085040389943585
8842,0.27841016301641974
2445,0.2780852727191589
10276,0.3308814861274132
4931,0.5003785867077246
6842,0.3717646347872712
5927,0.27234165019952256
6207,0.2510435764397789
4539,0.3460382350873681
8721,0.6134128943358904
3618,0.37787255666440245
2580,0.5763443607746384
5321,0.9095938126155232
3181,0.39268635265750157
4742,0.23718865060754996
3340,0.8051386333893527
8310,0.97328926012985
3948,0.7300780040741363
2126,0.854734303990797
10436,0.6977242623442628
9635,0.941220909174767
9022,0.5090740095258917
8576,0.7183473164766986
2522,0.17201866458821455
7341,0.8187944665638559
7377,0.5257739124635887
7636,0.6023607001786172
2536,0.517772773574363
2706,0.604011955162888
4814,0.45308832363149637
6032,0.43199679111819794
2630,0.7563941042032696
1857,0.49496459720689
5412,0.949951580285839
1957,0.550319417726052
9805,0.40095770978838136
9256,0.34383759500382344
1055,0.5931408823156956
8439,0.3109828384752439
317,0.6215341170067668
6126,0.2876822882800902
9970,0.4687388140626121
6008,0.4457776274698659
2811,0.30475841679814
10214,0.2730737419150631
10337,0.10456451031944433
6563,0.26568991204781933
5611,0.7709756056705448
6358,0.4391017627910483
8446,0.20614638838991395
974,0.27176881374848977
4839,0.3480399170642402
4806,0.32801645824269965
4597,0.3700463505488973
4649,0.28558887578248393
7744,0.9245993082230303
5826,0.4851727710400414
6118,0.2348372398709216
6785,0.3442068516104279
301,0.9520783061034143
3192,0.751121533974282
9854,0.5637879609736056
9227,0.654796900967832
4768,0.31067616138162624
2961,0.10595087736293111
4564,0.3815225980912961
2484,0.3712744388779438
1606,0.44806965506558005
2864,0.09992763405178026
2884,0.23927716519875558
2753,0.34632394600617655
4366,0.5922952449174765
2470,0.15634497397850378
6369,0.3072011144555147
2754,0.2877623472286407
2501,0.5867864806394258
8890,0.18382038035462375
2093,0.7924060289558735
4937,0.40545942380708877
2850,0.2391942383567971
3706,0.719084046172538
6645,0.892896022930543
5799,0.7363764109997629
4229,0.7916142600299785
4900,0.3744454060332666
7883,0.18241870085570228
4629,0.7659956033342035
6459,0.8936981702263724
10381,0.8898584027948409
220,0.727847718866714
761,0.2486330252213395
4264,0.694520354636406
6633,0.7633063270652218
1424,0.6920899702817529
7017,0.34093619022719474
6901,0.32527929501837827
7126,0.5154549755398061
881,0.7852666227131974
6382,0.5158230265825801
7502,0.3465883256288935
1911,0.9711502896239543
3076,0.4026397684482765
9281,0.25396590211684755
1534,0.2698166221777401
8378,0.25737631120642945
4717,0.7579996169693186
7012,0.9727386227791904
9028,0.41231236159621215
5407,0.5281416900756155
274,0.4109126881291658
9465,0.6817003995580726
5164,0.27888678489793806
937,0.4005702384728699
5264,0.6822700488350089
8051,0.2049758153007416
10304,0.08280573923524517
2403,0.5445465377005934
1697,0.888160206172921
8142,0.5720733690371402
3734,0.23959136478753285
8487,0.3644918823736448
5123,0.6397510628215017
8726,0.16277948834380446
2336,0.4746665234184382
7376,0.31918380069173125
2793,0.3012877314722195
1998,0.15443636776582736
319,0.7794730078350602
6783,0.1840904327823219
6911,0.8276671003518219
3078,0.7280357151609743
3310,0.9467560572516016
4790,0.8557479075972055
2712,0.7381664803634975
2968,0.9008300915586058
7777,0.5219340089550017
10442,0.5618740030435707
1654,0.7520847651024549
10438,0.7151350672454058
4509,0.21093897185761815
3963,0.3909402221128105
5043,0.3446056892616344
5421,0.7699547484835508
6465,0.14289363126507917
8034,0.577511019624441
806,0.11471685590934937
1090,0.3653802535108671
1566,0.685084859246981
10187,0.5297913535271972
2634,0.9374510313263353
569,0.9206709284054998
135,0.328878845351933
3732,0.5088683167696736
6247,0.7841975598862038
10466,0.5797624905474098
8429,0.6280641746290896
6725,0.48875399271141273
6128,0.1404975105254145
8496,0.5942494041372705
2433,0.7692637936692098
5552,0.8550995694411614
7122,0.5467349950625667
376,0.24525221838979766
796,0.16730522209612347
6121,0.3643293747276528
8960,0.46208034883917665
5686,0.14444848987706688
2213,0.8833890257905819
6602,0.8092053761261173
3357,0.96487528440267
1997,0.10722518640970566
691,0.558849556140987
4370,0.8040505896676232
9660,0.8548462664613605
7189,0.3571065512909426
6660,0.5044510440808
2074,0.616575410738061
5375,0.8794872484884801
1816,0.529276315633865
9802,0.9542139252989779
7654,0.8987551917607589
3784,0.6215162833994559
9604,0.7548735339543187
6397,0.7179450838885603
7125,0.8616511931502764
1460,0.7317257225075643
5718,0.6731168445986653
5452,0.6871038407258139
7064,0.8979268214656386
8272,0.8635391567535958
3620,0.4245892288311171
2772,0.5932595222729328
5150,0.23121577986269432
125,0.2857537959986871
1005,0.21626405931587786
616,0.5656498811320476
9056,0.29252862246030786
3972,0.47595690611337615
746,0.510994046215741
10286,0.567141023349381
723,0.5225196618761297
1283,0.6476575947154323
8009,0.9244016478146355
8509,0.16038591445894249
8220,0.3359631550492822
7393,0.8687786143103019
8499,0.218591462889162
3789,0.21164522471266675
9658,0.47432303572096746
8171,0.27816804132601547
1985,0.48594564226381143
733,0.1811216506464316
6706,0.21420335884567634
6282,0.18607189898872817
7243,0.2436891148526691
3995,0.6980980970608097
4375,0.4455650677583385
1647,0.3109509373709134
9306,0.9268974917707034
9272,0.27318295867532205
9464,0.48026640972536827
5340,0.15573679144587463
5475,0.9097680409637221
4911,0.9506932007567183
9315,0.34454063146569114
811,0.32441131504888254
6395,0.2535010473981362
3229,0.7593758541575076
2250,0.49660777534240674
8433,0.6103194316602817
10428,0.27564347780465
10461,0.0757615935778406
8408,0.7705556434836687
3945,0.9193649514257121
863,0.6576401390791449
4683,0.1754380582466386
1162,0.8338240110831882
9132,0.6004176384008137
1076,0.41779116145083456
7236,0.22980416350442046
3218,0.6809793581440087
6866,0.28772405924405786
4997,0.7234930425903378
9121,0.2316643593353394
8696,0.06400712439160461
3313,0.45573597957889317
1421,0.2073383855878913
80,0.480823045591319
8163,0.37452905007777165
4583,0.7854041880705025
4053,0.20584234801680135
8693,0.2908094094559104
4139,0.46954963527773913
6976,0.6285229652928237
3549,0.6326922758018307
5534,0.2546408950477486
1638,0.62810385173037
6375,0.8761608819314912
1008,0.5801490082140441
9120,0.8448146426465304
8071,0.5997416532323979
3266,0.8460019463961339
10482,0.6209314611637351
5288,0.4521331383074947
6302,0.4259842274685541
2183,0.2865222741086333
9199,0.26252032648887236
5441,0.08637062341241064
4418,0.39436387395704364
7287,0.15872838690963495
1532,0.940650673178692
2978,0.28519552933946074
1230,0.222351713253375
6423,0.75719683032621
9643,0.6017720866196697
5142,0.3501018856549716
9368,0.4551589530375254
6132,0.8762391983882477
9031,0.3349819644309536
4767,0.6547501656865747
844,0.34152655391782194
10296,0.5502470326011679
9045,0.43273464592665145
10469,0.12101849217275495
9223,0.38215139816237575
9340,0.16759967804821324
1226,0.4306155229367971
686,0.6088191328981436
4037,0.38685985288061614
7620,0.3733098623687937
9322,0.7869228953005645
2943,0.3156585639472444
6549,0.297392743917786
8124,0.3242505390705115
1803,0.5234849624178185
8025,0.11285294976785659
368,0.3324683485613793
3660,0.3473161812876809
4943,0.4793724963991584
9143,0.20315014683656196
958,0.6761519163036579
4272,0.2687365872811942
200,0.22705887237031444
7314,0.7707890669110068
7827,0.6344353993413642
252,0.19384571895940292
2242,0.782050157089381
2804,0.3974402992886743
8802,0.2384335233446627
7645,0.9220155719925658
7228,0.5810734403406498
9200,0.15722501917111137
4738,0.883249271321559
4513,0.9787155655729424
7999,0.16056418099368006
3938,0.46831168291490205
8127,0.9713461335969169
9265,0.34254214872005023
7353,0.7930297032924836
4772,0.8375322328612174
4461,0.3765321469403382
1335,0.29633468158227066
9018,0.7141787183178465
10460,0.9634196072398316
7956,0.3060045730435727
1238,0.23208605865386578
2552,0.7391817237335079
6517,0.4474536394329974
5925,0.6633782389168457
7413,0.3544261443156439
3728,0.2861473898236886
1103,0.7561787440523786
3704,0.6957346822794737
8413,0.2563636903408022
4533,0.41616115651495844
5449,0.7961057893412714
7306,0.24480914338011184
1401,0.8885079356584885
7365,0.8000807462641855
8363,0.22842305129382945
3656,0.591656906465529
5683,0.6753680937969149
1940,0.3721367355436177
8674,0.3351857482592343
6745,0.7181767397747203
4431,0.8331518234045516
2263,0.7910590373990483
7506,0.7882382677807979
4059,0.7480393206114566
4588,0.22837971920073788
8692,0.8458809368605233
7258,0.7654511339710012
5448,0.8723555992553702
8865,0.251752847528372
1119,0.5683993376817911
7642,0.7881503458417949
9981,0.8150714415888014
181,0.43568715524433554
7528,0.7984333262127555
9086,0.8523542292758125
4963,0.4605947858074687
5292,0.1873206791453371
1254,0.5759833517019359
2125,0.7364100937345353
5601,0.7833936655748952
2758,0.9102740029614322
1922,0.2918934225950611
5440,0.16040111331233806
3001,0.8090122609140424
4011,0.217715351126183
8604,0.2259860149567399
2779,0.5355167049649301
1568,0.3213023793806138
10123,0.4818914808028507
9053,0.7714051933654398
8028,0.6793707979467147
82,0.24882745817909796
2845,0.9750746256910724
10221,0.8464750184056631
8598,0.16703399222477067
5011,0.9037303050180383
7401,0.1856020875059578
8687,0.8902313940958158
8767,0.7456366858639694
10046,0.3284558542450007
1920,0.597512761454855
4364,0.9409288414682755
9395,0.17172473924229398
3602,0.3674701007544
9038,0.4765194870903571
7786,0.5527739353535365
5106,0.9522363727894912
9337,0.45943236134605725
1575,0.18618277911030046
10291,0.597883363786498
2965,0.6477091568087552
1478,0.36269339873878986
3625,0.7318169302734685
7329,0.8948673060855368
4116,0.676215902156791
9136,0.5578711730419647
6870,0.8235433366163066
4073,0.825985671563052
7863,0.23001831441171544
7437,0.4052724969960094
278,0.8335490582749455
1977,0.2741867080848789
8570,0.5048766067713828
6800,0.15812379681790917
8964,0.08213341581175726
7534,0.9706021689564251
6539,0.8953034200954644
645,0.5959955928547124
8223,0.6747725883673963
610,0.6058400075348058
1512,0.9796648773855257
8340,0.9574107196122867
4524,0.1636373553474368
7465,0.4380333259844744
6313,0.14865553952884664
1873,0.19281260375072898
1015,0.7990789911596262
444,0.17953114504923226
4967,0.8142271743904879
8988,0.43027597480807867
3199,0.4744255958842503
8020,0.74822472953935
6103,0.1375890791455122
362,0.2535840636314806
7325,0.7545431067278587
5730,0.1599013539225353
10448,0.8207836770868588
1452,0.1516059128619881
6669,0.48913324685579085
7892,0.4367524199357046
7859,0.7883875096152887
5866,0.4460563349547183
2970,0.5340893824950036
9609,0.248030427361623
893,0.4114923015782138
4176,0.571709842389275
4280,0.5178797701802621
3970,0.470693889305291
4516,0.1332965641175962
7503,0.5098009634162246
7955,0.8923282851553094
9852,0.8892515436840862
8380,0.8125758491292453
9284,0.6088427374114082
10386,0.07748212231441315
4004,0.5057125523048271
5328,0.18343568084236092
9274,0.7651981001456191
4646,0.2257288966587749
396,0.7008495154405977
5513,0.3613142696638036
4117,0.7857211365348646
3751,0.29378330569565636
9767,0.5838226208336673
1071,0.5513494347283832
7812,0.5736579989921199
5059,0.35421009950100407
2667,0.24235249820230928
9304,0.19132451762459673
10385,0.5822823073045237
7930,0.6856232867877357
5225,0.17797812150469805
9839,0.4521767317342271
2831,0.52129330865079
2387,0.8112391805528001
3433,0.8587156008453605
5101,0.6814706139201215
6357,0.905890550959719
5476,0.6270254385708467
3807,0.8380559505559668
10232,0.7810161222446159
1508,0.34024790628916196
6993,0.926448389774768
5505,0.2504886316268392
6009,0.17966550218047
5301,0.9181215145163354
6766,0.3714828725583114
2248,0.38958777125915023
8572,0.16453307185870322
852,0.4822944066611298
7871,0.9104138443487456
6926,0.6683631822984709
10220,0.8258499463616287
9007,0.8948354765176313
6990,0.8387931417026211
2012,0.6559075512422881
5645,0.4144662494885284
9091,0.8269373223868233
3797,0.24507545966370256
7201,0.052489023370508
672,0.9222876940605403
1257,0.9120719203169942
2010,0.331991927044533
8222,0.9309276496095352
9636,0.5036440614292761
2746,0.36339314773489284
2919,0.7190718723496952
5231,0.07671912317653398
5625,0.12904178323451232
10254,0.7630446564897143
2651,0.3600808448294103
1740,0.884448542363422
3212,0.5558610058244923
10502,0.11836778551832428
7139,0.08844849073591063
7210,0.5926697887590239
10049,0.6667925979128478
1621,0.6856520336258667
2301,0.08033766351194578
5798,0.623042814930343
3812,0.7850062827879014
6190,0.7644445847964066
5503,0.08182465363409129
9972,0.2943208429241298
5646,0.15115070005082992
2003,0.877634660913732
1069,0.5676708029709996
9656,0.7727719893501573
279,0.8266439433902061
4328,0.7385372961750556
7105,0.2642993003512764
1643,0.41918076217285943
3108,0.25113538654596695
3106,0.21190190287576033
1626,0.1645112462221398
9838,0.24196493832245508
6994,0.9082712812431462
3463,0.5175798607517265
781,0.6559517110926828
4337,0.3553139899418919
1639,0.08657631075100508
416,0.19925995138138602
7687,0.7565616355485374
9610,0.3205072877534165
2519,0.36772320151852667
10210,0.3217201337700232
8633,0.9060639268753868
1276,0.841926359612625
4764,0.7540648047777052
7674,0.46832460858808855
6550,0.45065857323077474
3853,0.21906396082774102
341,0.1325206942000247
6258,0.32056854759408254
1884,0.4396399756048551
2855,0.26552862850035497
2196,0.33921519729550276
5326,0.7823937575773043
6380,0.470154944499105
5580,0.21352718044750799
4563,0.2908258806758479
10414,0.9233184939622362
3226,0.88806439694349
3175,0.7096662992423242
9457,0.26910882957562887
1705,0.19326897456134623
5910,0.545228389504671
375,0.4973666027799389
10333,0.5274468812826636
3852,0.28871034223032194
1971,0.6307048411436877
8720,0.699309178635658
1860,0.8596059924588996
10349,0.7690491277853206
4605,0.3114016017584493
7358,0.7403697235945382
8258,0.4702870161400944
5678,0.16723855789211461
694,0.9007885701674496
8482,0.11586662935653584
1924,0.33257036146462315
3716,0.9332086751469783
3282,0.1590791182174827
5746,0.5439637986596637
1518,0.41283021159774635
8741,0.27983381740509805
7630,0.3999427469362128
8276,0.21913482633232026
6939,0.5011562719674919
1435,0.3403374060042943
8157,0.4058049102327834
1041,0.5145322864918921
4478,0.5750744096777267
8307,0.2339966968040293
2094,0.9479888733890347
5916,0.44284631801226026
9848,0.9822675421990164
4803,0.7146528651720601
2147,0.27878646852304717
295,0.8319140026963343
861,0.5560221354898774
3822,0.5280807456558118
5609,0.9720055008521966
9450,0.20536661173025106
4122,0.452003439443616
10558,0.28060086393736183
4285,0.19568567784128668
6184,0.6654590881715461
7295,0.2958704423110016
1926,0.6305393938246621
5026,0.32343627752765264
7952,0.9262193461090262
4194,0.672708363196495
639,0.5307104530642599
2130,0.18709879639958707
3119,0.7370791932481504
3251,0.18025737681542695
5803,0.5212579955935891
9553,0.5248211249869537
5937,0.8473925532641258
2133,0.19878858406506322
693,0.4233970515632968
5944,0.9081862787423943
2227,0.6722765088751199
9915,0.5105495356015813
4044,0.4649488416975812
6033,0.233156254108691
3270,0.9255004469743305
7050,0.18446926452954926
6185,0.7592250600408657
7984,0.6571053509628897
2109,0.7966933883538159
2244,0.20212772867995737
2481,0.6078416556491166
4332,0.8783822188412919
6016,0.4713982442958873
10162,0.5082238534603591
2453,0.5219110575155234
6228,0.1914613676126149
6166,0.3054600184484313
1411,0.5261264668104741
254,0.6097137303467999
7479,0.7677087725051164
1476,0.17588295415925093
7801,0.7108715986150511
4988,0.3743811740675606
4694,0.3587129192123648
10194,0.4495166116650544
2574,0.8288277786559711
8334,0.15741243427110055
419,0.32254050621020885
8643,0.44027671178236494
2548,0.1898595509700678
4615,0.5101499267928129
8772,0.6889757102428566
10463,0.909454530890398
6756,0.49463461468655257
1503,0.7525615547626724
4095,0.3883163952367141
1723,0.9748866067539055
8829,0.48060360269377206
10085,0.21700074584620932
4796,0.2295335542601336
9756,0.4097053636074289
2158,0.1167035656408125
7273,0.4157657028329386
3056,0.18180564845634667
656,0.3752923920074734
3074,0.5041988304879639
4661,0.8459416838504206
3958,0.21253846305268909
4311,0.3207264193786548
8375,0.942697091409463
7442,0.5819540158345046
3839,0.4856152448198312
6179,0.2834142440246665
3786,0.37637305927158765
8520,0.4079349053065217
3664,0.16745357098246358
2014,0.9140844847291346
8298,0.22616232782998913
4220,0.2671460737454839
10127,0.9215931683448819
6182,0.5502411796508782
3206,0.8622556567927009
8503,0.8317327593755158
5682,0.8370423751026903
5699,0.5825595569943145
6215,0.7307307721649334
1394,0.10541880271003452
9582,0.6597323226240513
10070,0.9258387084700754
4940,0.8040301579795126
4193,0.36928457147956706
3400,0.4239385597156978
4785,0.12043562816271794
7460,0.6623647745500112
5838,0.38128486070398476
2503,0.3059011225305605
2730,0.7324900299714019
7156,0.17473242994806798
5511,0.8521006891843361
438,0.8799377465192092
2233,0.9448745484076689
2016,0.24692585963022146
139,0.24670993171702513
384,0.14154643724829924
2313,0.3952496457958864
5145,0.9779130840936856
7864,0.4824655218704924
1195,0.9776757003180716
5365,0.3462218590230514
6977,0.3151641506137412
10001,0.08492087159705297
567,0.20858584310564296
9950,0.8553262874872001
157,0.0662956433143315
6553,0.5625111512782482
7337,0.7013460996781666
349,0.6985011883517025
4874,0.18853663797310538
10313,0.8396328236427811
8421,0.6386571672892614
9469,0.2647810034428779
9314,0.9739558250899284
3663,0.20194793167138228
7216,0.13242993030316397
8871,0.4515602580863472
5743,0.8079155586916661
2072,0.5849382534003429
2654,0.33493266151722645
5908,0.28000789884605803
9863,0.30981249461223875
457,0.400574851439605
6965,0.26596224847532524
3030,0.08677919971345151
7765,0.19526691406673455
748,0.12276702170211631
6304,0.28860829058787385
9606,0.20523215813104775
10351,0.07794779180495821
406,0.9289806075245182
8120,0.07924730861492456
8486,0.9725255050903672
6998,0.8688762771897489
77,0.8962201848574631
841,0.20331320694645816
7709,0.17128428311590455
7404,0.7438202189105592
5606,0.3488441415137715
965,0.8592950145971318
3163,0.2896802092889779
10192,0.3157945106069467
6163,0.25089176681477865
9865,0.3940652436146511
9518,0.21992039859045018
1267,0.43472868642975193
2051,0.9506537445746446
2046,0.3580279858917551
1464,0.7847416945748202
2153,0.2617349960474985
6612,0.783801967794466
4971,0.6428815285497695
866,0.09430328937690294
4124,0.26129454062460683
5086,0.9075998312794002
4351,0.5323511113438008
8101,0.43901985544306915
7912,0.48117487944291776
2504,0.7858977636978244
2837,0.2086856434694552
2034,0.6875278041064556
4844,0.40523090373522797
7780,0.06438634348285313
5901,0.11372659679899372
3296,0.3497242777698546
7299,0.2435014125842702
8574,0.5009651566801326
7472,0.8684623012444527
2276,0.35066487370181587
5980,0.3446012772948221
3184,0.22711519254488083
4359,0.139572392465164
1064,0.37577823735450727
9039,0.22351666573239284
6376,0.10279960439621341
1706,0.5704003342789604
7970,0.20986283467330547
3540,0.7327856878072161
1407,0.31772238869088054
4561,0.5077643619618654
6691,0.675121636625003
7172,0.06932488975074577
1923,0.4530369514838326
4407,0.7512903397133047
6777,0.8199077750867052
2600,0.1690151390185286
1936,0.029758463312628672
9778,0.5329040117757449
2766,0.7168145850390892
6668,0.40627884202781983
9013,0.4075811062047887
4319,0.3084000641248023
3263,0.7733531856847022
1612,0.8935890095749875
5132,0.5839862119483951
216,0.9386043784031812
7232,0.2626079126926029
9373,0.2265007711249048
5030,0.360755050640888
10107,0.7419922464012276
8309,0.9272037499974363
8449,0.8800674771201984
6961,0.8887456152816844
4954,0.43569759251587203
7344,0.45190302593207643
8146,0.8997503295183271
1132,0.5977987203112073
6145,0.8108157628590635
1353,0.6995315673498558
3624,0.9052698435742135
5058,0.6886109356945163
9789,0.24193869025408996
7290,0.4727910480467401
8583,0.11395611540371003
1088,0.7889300243553795
9210,0.6480558481536817
8240,0.3264847650194288
3326,0.11037222829307486
6315,0.7766749450818062
8410,0.33251094690471916
4535,0.19260574366740701
5991,0.3010968790687705
1874,0.4710624892557088
1898,0.14762475154294974
3557,0.9089792189428689
8587,0.7815166645129724
4190,0.17195543350275613
7261,0.7121986300770544
6854,0.25776520893616256
9375,0.8475742475791128
6317,0.8544940228387727
7713,0.7890075795253672
7058,0.9249022249563161
7628,0.16349604242661375
3513,0.298916290341401
7953,0.7753389163418114
3445,0.16932658086267413
8461,0.18794762620339905
2834,0.34404584142327643
3414,0.16732477479618885
9262,0.9332863779152749
9235,0.39766569015022357
3146,0.31503258135669254
3379,0.4967868896234492
1701,0.5488592199882663
5527,0.43353195647998466
8031,0.7522399274910662
4032,0.5425887408540719
9782,0.505842672756169
7656,0.2556314273425312
2985,0.9186675947311135
9334,0.6857450596418766
3343,0.28443756297299655
4760,0.3628523248755488
10311,0.7456497706284309
2609,0.4284154428241847
5117,0.13422003605016922
6724,0.9426607872641656
671,0.744875432678425
798,0.33955994913661086
2341,0.42909647576928955
4262,0.6771561195843905
1950,0.7530208914933259
799,0.9276923211197226
2575,0.8841924438295806
660,0.889573651574721
6432,0.571450360445748
3168,0.8802193236509807
7435,0.9455046713407705
4010,0.9095412266354165
2882,0.7081448936321386
5930,0.5658917817688004
7716,0.45279130145791263
4054,0.45249477733317234
3148,0.08438613829877308
670,0.31774834075151953
3519,0.19273205611845104
5770,0.4653007919552434
8876,0.7922522803868897
8357,0.45344985085239053
1620,0.5854118449637675
8558,0.45103876698437384
6786,0.9099596437525431
3825,0.1454977921499867
5857,0.31218027928159126
7685,0.6455785545588084
3947,0.6882004629408328
6449,0.4097152548832858
8636,0.5297744702563866
6046,0.7508995410906383
3205,0.4650212895653825
9435,0.5006679436938701
6865,0.3144159407565869
281,0.9000724120257357
6922,0.3101278617614633
3536,0.6111631879359429
4555,0.2742282752217071
5364,0.864563211660152
2483,0.8311899415979844
3524,0.9201271494881309
3117,0.4744813471479348
1152,0.2784259792289088
3912,0.5299996080310152
1297,0.929932896435405
2896,0.3904441516541118
5804,0.8255130947218473
5722,0.6839800039439945
189,0.10106645178718339
2376,0.4386226611521488
4635,0.8069851896628931
4801,0.8769140525322122
5972,0.5123017192745254
2461,0.1982929753219791
1168,0.061408056169463696
5136,0.4514306485721846
7806,0.46909787604053466
2559,0.666697343417271
2139,0.5947547382901447
10562,0.3236699277088665
1497,0.23207753756980956
4757,0.6133850155181677
1354,0.48883861985898036
5896,0.9799614188353322
6453,0.24123574325844954
1426,0.3155588446274712
4271,0.5783859410367163
7673,0.3971360998226183
7782,0.25267203030023316
8181,0.5334136739940811
1797,0.4486262278321741
8615,0.8639384767281083
3097,0.7642301191138084
5306,0.4722156375337872
9633,0.5482050448898688
8700,0.3537524205619668
9876,0.7536975386748841
8045,0.24326254141566167
7750,0.17882720827351484
6370,0.37023233918049553
7093,0.3375547331413826
8018,0.21130628815651292
1118,0.6008539208910508
4849,0.969944469903425
9627,0.772286881718284
829,0.5584116894358284
4164,0.42417312852468725
1707,0.9207968837591514
6752,0.5611834258648267
6236,0.3266241873561393
4052,0.18534635744752193
5283,0.3489570331062865
2856,0.5119880891050722
4630,0.7747038707337388
9563,0.7088690851883476
6576,0.9115966055122
5721,0.3177830468518611
4305,0.33061369434514515
8972,0.34756135319012804
1694,0.8812124970919346
3582,0.6358413468225759
3913,0.3562542173468878
470,0.28768241187217714
4195,0.6793823513898736
3422,0.33192680220691106
9744,0.25654000615760614
4206,0.18647088145564256
7971,0.6399491821414842
141,0.7233887642211644
1994,0.9356628465966956
1602,0.4064782923552728
1031,0.556395323767986
9150,0.27837400899265374
8528,0.6712721493497212
7545,0.14326775706116676
7448,0.21194461169280093
1821,0.24878641492696157
10075,0.47874050888033914
5242,0.29110311372266295
822,0.12172756354767456
4826,0.22187930234026265
910,0.6060270175940543
10147,0.3474898997846494
2018,0.732375458127534
8916,0.07003521525543496
4880,0.6365817383214325
184,0.4007383334863719
6081,0.5308614614806939
4281,0.2897618155414822
7418,0.7235999259382813
6054,0.14718521132895135
7972,0.45854388404982893
4894,0.6232930981025723
5313,0.27901584286751474
5046,0.22286084734216174
7183,0.48777863922451065
5347,0.4199894307143213
5051,0.892142198998216
495,0.7284563798339172
5985,0.9138178441383188
1227,0.718741711876894
7594,0.2744202850816138
6178,0.4923803508514803
9344,0.9024059947993333
3681,0.8731623602733911
2805,0.4407998561491169
8237,0.32824929171625955
5139,0.6417325651052017
2347,0.2921964704502947
1978,0.5052793255782858
7824,0.3454938326559013
873,0.8143944417953424
2569,0.36296512673897807
4704,0.9244285281687458
6974,0.5747091925207566
4454,0.3763543469671904
35,0.22909292185234864
8231,0.3422949312744007
9280,0.32114804464025715
6567,0.27450865138422853
2088,0.4392790672836551
925,0.8531035025987141
9958,0.12198462593216614
5234,0.3717250765079446
7623,0.7561706860508688
6074,0.6020015893642654
8115,0.19315481555971614
10462,0.5186298887724821
5008,0.20560342513403618
1256,0.7225902220340701
5001,0.4973684148741722
6885,0.5015432887744955
7509,0.37196077045644615
6251,0.8289054838092773
7250,0.5176304708036977
9502,0.754482220534539
267,0.3360450450792932
4109,0.8152019851056771
819,0.3635663080271285
9397,0.7801783208567974
3707,0.2576504113466737
870,0.7656643110631072
10203,0.4208616781805128
9241,0.8221861811688157
5215,0.2852181363447222
982,0.4451686539846309
3878,0.1390874396067537
1847,0.268100686595147
10457,0.8705827856928374
7811,0.22001914713547155
6205,0.2729889449369312
8311,0.38364059301956105
7657,0.3665225543241662
8174,0.6144138931566256
2119,0.5584885795988361
7893,0.4855956322380973
7754,0.6862970250246675
3684,0.734272467082757
3585,0.3653040523228246
300,0.2086984254412671
9176,0.7063870848005491
5879,0.8747464422225554
1457,0.7433585276047736
5040,0.596229685891919
1862,0.3847623088915484
9749,0.9144262593809969
161,0.979221970880827
6134,0.8188134242437239
4995,0.5084943383462844
54,0.2377279055622793
5125,0.3692355863244599
2032,0.2528226710047922
8210,0.24184678900642803
3816,0.7210515226320982
1769,0.9180234440613866
6156,0.639920561938594
8667,0.8109450037039283
2974,0.16664524099244948
3417,0.10977171506475436
2835,0.23202544700307426
1668,0.5714401858993318
10028,0.29086648142669563
5619,0.5365415029606317
3169,0.6580783677841957
9153,0.4019566789511648
8746,0.7206894562664516
8049,0.47676208913600054
10564,0.2016777508071267
8691,0.5655235227436848
2765,0.6763453772236427
52,0.4847076250111577
2663,0.43832509193424124
3014,0.3166882053653539
9453,0.4554920444052078
8078,0.19431755233118891
2356,0.20240363691136612
7595,0.7466125725720072
2195,0.4927494867070034
7633,0.8683294077716176
1259,0.4607152054652065
5214,0.6346244860170398
531,0.2526015013129961
2398,0.5449634636382017
5458,0.8657269744369683
2794,0.5197510588147106
153,0.21786772671299937
256,0.43298813672191094
8787,0.09598323734375484
4496,0.7726681289305439
9649,0.29282476571939364
461,0.29793961021907384
502,0.3553762302055143
529,0.5252325453157733
5529,0.20294753599778037
9391,0.8574315033010785
1032,0.8333437872472907
9896,0.13080642964584843
5557,0.7434830242977627
1836,0.08245089885362389
3476,0.32331207591670497
7104,0.15494409579786889
5480,0.7164329112262602
1717,0.7779546697168642
1333,0.8910792952805269
1806,0.32545059889055733
8297,0.7129010090399821
2806,0.11405004733479147
3407,0.30222723334063917
10518,0.45501873642757046
6043,0.5109953582483965
8857,0.8773190069519589
8456,0.20539714097297126
427,0.11214761063424165
4028,0.608989470501645
1988,0.14907971344347565
7354,0.13866223264910083
2393,0.3431281218629084
452,0.4964714153716501
5445,0.5611343747940303
7637,0.8512529955533323
5486,0.5428474892979884
4175,0.197835153802561
6068,0.5643716858858999
8968,0.10411738829496073
9384,0.7877883815564474
7470,0.6558466143138806
9319,0.6368512712833279
5817,0.799487012690752
10294,0.8851270511210622
1313,0.5148025442153201
10181,0.1672455876382595
5269,0.2981095627186304
127,0.30079986922405766
989,0.8208844943256819
10234,0.2143816182384618
4799,0.8984249767252463
3834,0.4383981966656735
9206,0.49504810503043817
4753,0.4991691311144256
4437,0.4277580799638301
3520,0.6156171080583152
10124,0.18119487362657172
1318,0.4644527564632217
2055,0.44296887017424663
690,0.9177159135728463
1294,0.24013171719719678
6522,0.6648228441257065
4453,0.11081353995011946
624,0.27766589651305895
2863,0.934402384711047
4922,0.6744117462164868
4120,0.21605286236172716
8164,0.37115481132371625
2317,0.2712711324988962
6058,0.29994071843231107
1428,0.5767386794021749
3577,0.5131474267304774
5811,0.5958013624593427
1430,0.8240171748038108
4488,0.22724022533883884
9634,0.8077647440041686
4482,0.7990162807098729
4580,0.61612952943745
2571,0.39590427818682267
10499,0.8732305934006825
3932,0.2084366892692114
377,0.8070562601767639
5851,0.40034511301149756
6384,0.6326757078782443
6470,0.5220668819222093
8505,0.4799145018013081
4268,0.7593836762246126
10397,0.6174152677882274
4309,0.5286631270259147
1949,0.8673236706541174
2097,0.22547536557586983
9709,0.5028581160278942
4936,0.5629733959404991
4033,0.4727134651016023
3828,0.47976141757289387
8862,0.21551014540217428
374,0.4376036657044658
401,0.8743783772547802
10015,0.7299357029004883
7613,0.5807815422306333
4397,0.8015475641319383
2329,0.6574192343448779
4733,0.5990012648071773
1552,0.2622304565117139
2486,0.4982831651899099
940,0.39236107318216407
7118,0.9672277060298655
8060,0.7331853906087842
1550,0.4518987625555254
6202,0.10696463239051503
8980,0.9463830118358709
8162,0.8834136133976862
10066,0.3077331494250048
7981,0.25866630167710103
7336,0.948757531486458
6277,0.3919857767372593
1670,0.9215436072710124
6007,0.3328274923433758
7832,0.9132951422164348
2612,0.5991003162732625
8320,0.8224098686394374
1779,0.8991506161115272
6107,0.1294578024455059
2537,0.8565588416323233
2726,0.8565640707508397
8717,0.8055735247652046
2201,0.42719994839668096
6276,0.17646224221194567
3293,0.18322078002044292
7907,0.8542172599334256
7321,0.1311600565471833
840,0.39227148834844383
1081,0.15445890103255175
8289,0.758488141737766
343,0.13048693458962018
8184,0.19329582429639824
7166,0.2922091125545549
8805,0.9315565770527116
9407,0.3249385047461946
5573,0.24157047712355798
9330,0.618045291180415
2215,0.5938518536060986
4105,0.0483601218310762
7699,0.17919975919130973
5850,0.4110972573546326
10228,0.747049087932107
638,0.7289013600474645
5633,0.26562222756042914
5919,0.8725170058202463
4573,0.18617992459865335
7164,0.49927901854853807
5093,0.559332990835188
9815,0.5136283811968535
8411,0.7623431707424481
8955,0.8242953466096827
9556,0.5716595271956051
7349,0.3415370066790693
8436,0.34700586744552464
2631,0.8730639443226811
2739,0.8493765853790474
3930,0.2814877100484049
6833,0.6614267226868438
9186,0.8494692811911208
3150,0.18698858851558603
8328,0.640384543569987
4006,0.9266070895221998
3065,0.352048514549136
3305,0.5822615289088552
2506,0.7983588484569193
9737,0.8780890166345913
5178,0.1516619655618497
9452,0.3724908989278559
10111,0.48208272903455396
1652,0.22182951154404268
10134,0.5841226615496046
7247,0.4469741055162385
4363,0.6516682385335072
1712,0.9230371998964639
4232,0.5276215769148137
5626,0.2293581926497503
3049,0.7522756849477962
5397,0.23614869867518962
8637,0.4486044476677871
8785,0.16744309705093208
4438,0.6703099917062773
1410,0.20775832782339176
6902,0.2146228025609427
187,0.3149874987678225
3883,0.408003145482116
3988,0.2343695067054702
5620,0.14941563550805198
2904,0.27416835619753244
3926,0.15004739685025448
9020,0.32846222556993676
2947,0.45505042773729676
2364,0.7538904249733012
5291,0.5387177731133258
7078,0.23242493767557942
4477,0.27064519189297
4333,0.7056313093805484
9247,0.7940592429778459
6957,0.16076795202151267
7281,0.3512544770182837
4012,0.5263602932426787
975,0.9399111433935436
8037,0.37996856091891584
10408,0.8115584330085865
2900,0.3280886342689833
6457,0.16727673071485688
9292,0.3261579451432693
2115,0.32492803946672244
9001,0.5962368726415989
8981,0.1779992215970054
6085,0.4063583642308989
49,0.3617933617250606
210,0.3421320843203137
1607,0.4927833109826535
5256,0.6532157476546282
3170,0.34886182620128076
147,0.7042586276435687
7627,0.6853096323727903
83,0.655704928954802
3686,0.7911607604648634
5133,0.14917529778668534
935,0.15685771047874122
2875,0.7830686572561099
7277,0.2916966410671276
55,0.9794050709440036
1253,0.28319424701470575
3406,0.7433919159090656
2474,0.6197797949510848
8451,0.10609665010359365
7301,0.9704763482020015
8466,0.5607998321260111
7499,0.9233464967163416
4926,0.5474926071977937
9033,0.6913103603901414
3999,0.22320999611630515
1017,0.17012816920331492
947,0.8535297401294322
7798,0.48871178091002065
6280,0.2394479479143042
6393,0.38393740889103223
8056,0.10665613962152656
9003,0.3312716000108949
4481,0.39288248077778376
5134,0.7681315745684096
4804,0.6729703782651484
34,0.3111780714486241
5659,0.9600931021203103
4519,0.2782685069853079
6272,0.9464698648800259
765,0.6429475802900335
3752,0.4378632948806119
1753,0.18431401294050864
2123,0.21320606954577342
1802,0.19016529628793194
7678,0.6258674570967202
4547,0.29155176400472543
3793,0.2919973536590425
7453,0.37980121081783624
5330,0.35638537445306395
4093,0.7028648267781918
2362,0.4722020484458149
7116,0.29005869620175384
3135,0.7065980307482981
10536,0.14967434151757905
8484,0.21395758413632254
9002,0.3270559706053294
10204,0.13642778034592737
7570,0.3482231838414509
1275,0.9329066489285289
3630,0.429882841796295
9096,0.22129017164310844
3475,0.12335725997001963
4818,0.5448467603457386
2019,0.25581224610021414
10402,0.6147507772514065
643,0.3936215027483772
9927,0.1632398528759345
2827,0.11318383423802048
288,0.5966837973026607
7886,0.5726095987695765
6584,0.8467103019716075
5554,0.7419000431999601
6329,0.49486863141381066
1233,0.6117819762140011
2541,0.2960464751147509
1150,0.22213828043719552
8459,0.9348635606648632
1814,0.6439572162994903
5564,0.7782458658159848
4306,0.42489902729754153
2144,0.2843521188659463
9792,0.05286037751536658
4634,0.3252292370552891
10084,0.6301497453002739
9847,0.4730567874789414
8510,0.3086484258494918
8921,0.6500632548184048
2509,0.8500176080326098
2111,0.6594398617025543
7505,0.5420108954422335
556,0.65983686446423
9596,0.6311807800523612
1863,0.33143603780084707
8172,0.3277205930001513
8404,0.9464391843106046
3607,0.7119201601478403
7802,0.4121210806664168
3503,0.23395202740744048
5624,0.18323168764953726
331,0.7781722452776085
542,0.7197277398885459
9705,0.47645830863035477
3592,0.343663318537768
5018,0.36055006221385244
5800,0.8493425969017134
8651,0.3311401168093715
7600,0.23356582632231657
9509,0.09337273902160628
5431,0.7291932131177689
7454,0.21468220823961465
8106,0.18994311175627795
3137,0.45920333004997194
702,0.7565002240204229
6287,0.77612970251619
5657,0.11284762719848673
8027,0.10794736982050739
5350,0.19063971702191376
30,0.7371465738426576
2677,0.7795567751922722
3898,0.6672568578034754
9451,0.8657860136950999
9949,0.5294901697250857
8074,0.22204861728151384
6618,0.43439401263520305
8351,0.22182504989276225
7861,0.8004171688470859
8914,0.3499479237056533
9820,0.7145777099906309
9148,0.5167870004701414
1334,0.1958119935690036
1684,0.46893064214118085
6414,0.6056048867182015
6967,0.21371536284918805
1726,0.7640891288844045
9178,0.4191310948163234
6642,0.0781086616913792
1024,0.6625658641415939
6437,0.27028134192333775
7042,0.819189049963366
5319,0.14440585165334863
4594,0.5232317314342849
3702,0.9079528683323606
4882,0.6789529003779935
4243,0.5276416849847776
4750,0.08511029496154274
5735,0.3404116653867605
1432,0.4153623651960672
7576,0.9675468002789241
7455,0.40319781646598285
5563,0.1746685565615413
2291,0.9198403953549272
5386,0.28453111369292045
8490,0.21267746888575537
2357,0.11458257361265682
5473,0.7631926943997277
7091,0.7926766047004155
2464,0.06703210699015107
2801,0.8804044614851032
6604,0.6539025814312949
2122,0.5780718077990873
4320,0.8607772553697206
1841,0.7987142397134419
8129,0.156157387134863
3149,0.42564291098360807
10525,0.8235846966063545
1869,0.6029926960084893
8664,0.06447527758780355
1941,0.18075504150969562
5216,0.7869137810639824
7993,0.1985940238741627
7327,0.3270856788166967
4076,0.29955533440478616
6544,0.2036777710032646
3300,0.2577015690172935
9139,0.7126469331943364
6761,0.8946362909713759
2220,0.4062204042163592
5661,0.470033378782511
1676,0.7726649656732998
1572,0.8409438775046001
9545,0.26705016870343995
212,0.7985197825523709
2498,0.5113265201284893
5758,0.4642824004298205
241,0.76489442478057
7872,0.6329422873436096
10546,0.18279026561748704
9615,0.3697787644616164
882,0.5374556898707697
5753,0.6870814589300207
547,0.49805644033262275
10275,0.3013957176339891
7686,0.5198653756509
6508,0.9870235688586844
4296,0.9615044357957552
6625,0.7777925080367016
404,0.3115211610182377
1289,0.24304650993427687
5239,0.43525614948492797
10261,0.5149083420327404
2649,0.4411365954414199
9886,0.4883880508196713
5341,0.09238508363256065
869,0.6660581846682357
5533,0.8980059668885338
1560,0.9360758022725553
9892,0.3342143041704375
1933,0.3177171881250537
5885,0.3127947583675933
7833,0.284774125937002
7296,0.22533747888381125
7373,0.7004161037408723
8983,0.1517044388696486
5842,0.3594372548677295
2194,0.27720739151436163
132,0.7942617591383803
2659,0.46085436116803147
7896,0.2481602520892909
7887,0.6524552217351228
5745,0.9098301350877164
2409,0.6824408155498971
2253,0.6903566827213938
1434,0.5390788656513099
6946,0.4305174731726886
6510,0.46487520579076475
6982,0.218747878202239
8999,0.4046161826247776
5170,0.4316931592287872
10158,0.3120419251807394
234,0.2318777722917987
9034,0.4647928919490717
3801,0.3197014193751373
3887,0.5660115428620006
10361,0.4856108718410441
5385,0.981383358298074
6575,0.8916557196179091
3560,0.13400283543818195
2112,0.7292216299367602
4307,0.838392795448093
8704,0.7711940210378672
10476,0.8226685607343016
4637,0.3629100559684101
2953,0.8201963670376946
1320,0.8306943870083501
3264,0.39539328400847235
7904,0.9781743095294805
9144,0.7854403408559042
4494,0.8331543547635537
4819,0.6284906935172455
3781,0.5494544113512221
3459,0.6456602514389935
5681,0.26675851955730046
6507,0.8926862624707033
3722,0.897951339417538
398,0.12233320246524049
9377,0.6674443691799854
978,0.5772309340933796
3104,0.469851997525084
2693,0.1855261524928753
3803,0.7089183057725001
9533,0.7829452088872136
1173,0.7188655680709382
10307,0.48050652849882486
10326,0.3364330321627535
5113,0.298116661047519
1116,0.7993264269080259
10452,0.9101781755564031
8013,0.5219283739493896
6491,0.31515331606416797
9906,0.9333709944041804
7531,0.8886800489030482
102,0.6029535545871374
5233,0.6425740288336941
1661,0.8023266915975993
8280,0.16527475407861747
1000,0.5356067687583943
3743,0.8303395737978024
1501,0.7076141857815064
3809,0.5019027201206077
8647,0.8624973673990779
1959,0.3660080991950768
1690,0.3589175844786221
5498,0.31186564914768455
837,0.3542063708584738
8788,0.8156077623038971
4114,0.38173262114315787
1413,0.7151682164563626
6836,0.4285303384787511
4240,0.5742700163828127
1908,0.9629522237089316
5750,0.3072467541723878
10087,0.26558900892561366
2680,0.39541738056255316
4323,0.558086530428206
4439,0.615107259673168
8517,0.24151047468849537
933,0.9049086702740117
33,0.8567994222127908
4295,0.381489679646172
3258,0.6387779108926965
7497,0.21021567527028717
9276,0.6515152999394794
9811,0.5635144200822295
3833,0.5672214548222474
7682,0.36707230384667855
1748,0.17554047277296947
3693,0.21162306811266218
3608,0.5871855608815164
10230,0.5472777076341658
5468,0.1428193350551487
10464,0.9551972091728267
6932,0.19603118366553127
3616,0.3971611554234976
9603,0.8779068605447534
10394,0.9473270131274867
5509,0.8783068604112905
3731,0.48745969130249145
5827,0.0989951822375582
10527,0.8431851662605404
7004,0.9548040845660749
3210,0.8645849126931169
59,0.5986799202140344
2660,0.7664348009389661
1909,0.20087554081217793
8569,0.9632077304568244
2862,0.21959860898654204
5966,0.29013148309925363
2639,0.2893622245053298
6838,0.829985810475131
9527,0.09217489584419575
5345,0.9344866727103845
7702,0.7021892498259387
3242,0.4929220992530469
6516,0.31543056461436325
10412,0.3060095576536598
8213,0.3487895496024862
2598,0.9713272877736103
6193,0.16433962562089618
9593,0.5359896946307043
6646,0.877189503028797
5388,0.328009386781292
6413,0.43928501913850293
1540,0.3226279120949805
8660,0.31004872314992354
2999,0.2369573970521597
3194,0.27611923577519304
9437,0.7370116725507768
9473,0.36586844353463444
877,0.3181717597970398
9640,0.6170690646830904
4434,0.7067267855761101
8385,0.5417420575954623
2542,0.14380600801398738
3281,0.3992836585745701
7820,0.6105982630331206
1418,0.5848332772466306
6079,0.6864462100622295
3685,0.4376387349540359
9361,0.17428641453075872
3364,0.7836305191422155
7495,0.8743415780935913
8226,0.8702551858239692
8043,0.5933175902914005
9924,0.37546624419954727
6018,0.3171804380306917
3,0.5172165741499822
4592,0.6339285501206259
10125,0.6504459828512855
8900,0.2837330080019804
7028,0.9173905863489605
3419,0.5928424938067206
5514,0.22026231830942117
2770,0.3186266273772207
5007,0.5299523656164055
1931,0.18469653360915658
9768,0.3986056992148402
3337,0.2700225107066621
703,0.3059344429260241
6685,0.17577045698529933
6064,0.4885091281573105
1881,0.34033164013544964
4842,0.47819104909884536
8432,0.6867841211858305
3569,0.33422622949573133
9797,0.6962747559892194
2829,0.39798031459764854
3739,0.2509905727787033
2128,0.4835402076675689
2372,0.3037502994741821
3354,0.18501534667628255
3321,0.5149783983134285
8532,0.9282505151748526
1800,0.6762500599156162
2560,0.2109552336721944
3936,0.4309380665079329
2588,0.462160185736278
4890,0.7940629412140312
8912,0.6228133343138648
6192,0.6307008919172763
8658,0.16245390884121197
5272,0.5883440080837932
10404,0.7156902270453145
2299,0.6350391959201827
9419,0.2180703396404133
3018,0.23651157083199445
8642,0.6302147531254085
6594,0.261086646942165
8852,0.0957594916158852
9212,0.3483738319268733
7081,0.8620329018913275
8469,0.18576696029559045
1372,0.35308681918110474
2514,0.614034894729584
2311,0.32941787279259793
5548,0.29024519410566785
9024,0.8414468811405791
10324,0.33483719581784427
7735,0.4598813365529838
1488,0.5673637715805881
9130,0.6988700923824933
2307,0.8348646766191458
2374,0.3002826189300708
10519,0.49322470993509765
10264,0.7933873755535072
9908,0.2845642633894572
1073,0.5806333670091713
118,0.6728574497666152
8884,0.6808251317049441
242,0.3001654681796504
6300,0.652344309572953
5422,0.5645358538753306
899,0.7282538802232303
773,0.2806473815371162
70,0.8350630781272331
9249,0.17955096008829674
8847,0.47109632357807335
432,0.48403238343611465
468,0.8972534443975949
7830,0.49740250949395565
4642,0.1515567438610122
1782,0.7935702415312818
8683,0.6014908874821874
8551,0.39495134377998453
5224,0.46057922135860707
922,0.5760324164289191
757,0.9822951522603895
1101,0.3735988784035398
6804,0.171112817163654
9266,0.9200663440750624
6487,0.22709679470780342
5627,0.17058593574212455
4972,0.6926894023791008
3596,0.8836037509409249
1420,0.6167561971550445
10209,0.4402589499801297
8629,0.6097193153357057
3147,0.8422961209564082
9821,0.7513327783106971
10377,0.7377218524038784
456,0.1149599527759882
9887,0.3693466906864816
8864,0.5560554971583357
5665,0.11596905994916784
1764,0.3215057274196958
9198,0.7573095946248192
7536,0.5020107521092232
991,0.5015739736315469
1537,0.5866043760411395
3450,0.7018227233530537
5663,0.31218199332921015
4221,0.34139646925864775
3350,0.6173239552225664
943,0.04814855272730685
3203,0.4756057274475464
1144,0.27992150480113565
2334,0.6981474903317273
7074,0.38389245385031817
10071,0.7949003179087758
7540,0.7568820579107994
4143,0.23718214291406228
6643,0.3909322483715499
1067,0.1470594720153641
6356,0.8254179815581887
8133,0.242337880664332
108,0.23996021138775436
308,0.14046266651799327
7432,0.25841868915868854
2652,0.9594896063018961
4740,0.9162933445820762
7048,0.5619384661986263
490,0.31269552964067493
6808,0.47685138921843945
7990,0.36635172351623424
4460,0.14126800905605938
6803,0.6096929059594678
2414,0.17631623500603125
8085,0.1583258973935983
2031,0.8137220871561585
8476,0.779703779805778
9840,0.8411697700987215
2853,0.18149754164846985
8114,0.5399640850563016
6245,0.7726069598025946
8918,0.20613469542989982
2621,0.6830296475631377
5344,0.21160159439465176
3775,0.12302301255483268
631,0.11853324028288595
10481,0.11063719709227429
8188,0.5900266684506785
9830,0.8541302372160582
5426,0.6202998369282247
6688,0.6536358780943873
4132,0.8671903208833052
588,0.7058210032117749
5600,0.41635631118032873
4743,0.2079516198993811
8711,0.31509974338986085
6039,0.37499712646457195
4576,0.6590969125622756
6941,0.6159587623573771
10202,0.5264683968951934
6632,0.5918022771238935
1079,0.18506386026735439
9642,0.3626338104568895
5401,0.6311381389363496
600,0.39527511153236167
4873,0.2619074237705109
5558,0.6133603497781562
483,0.1819063258180601
10378,0.73244498188096
9004,0.25226039566939695
2809,0.8664604027251588
9542,0.8975984500478122
3215,0.33816764746370814
6924,0.24040979590730535
7213,0.3826580327001522
3105,0.8947860536957208
9771,0.7612790390784447
632,0.3733150080349286
3232,0.6172224904412181
1543,0.19717277906691805
2164,0.9797270873996564
4559,0.1695029760162672
9530,0.13548196671785667
2033,0.5616247173513403
2842,0.23331753328518748
4186,0.20476159887149434
4078,0.23583587411079293
8093,0.8353050452953863
7286,0.7192629597964851
7044,0.8492509835692521
9234,0.5211371277751498
8536,0.1539340419236791
307,0.6011576472451019
4382,0.7946177745965293
1350,0.10292744488600837
4632,0.4802186380386237
5639,0.21337308035578378
6445,0.2723004111430358
10511,0.13241558614726434
8601,0.3237575972073632
137,0.45537290241212236
2298,0.5616452847209685
8978,0.4836036984373745
7218,0.3886656304468217
856,0.28712078558188586
736,0.5170283934389365
7719,0.32919657579265105
3177,0.2768947114273438
2564,0.5506412716135186
3123,0.8625966362511048
4827,0.7287763147715662
6386,0.33138448798087305
708,0.7766547676130805
1414,0.6044181987062901
7190,0.6329675065076368
10298,0.33325918128003273
838,0.7073249976783332
10145,0.9608533474548453
3071,0.712815641078188
5329,0.3363878905215986
462,0.6338651546933881
9809,0.1339056708299414
7279,0.689742786548555
2707,0.31038330436763983
3671,0.8672873483331143
516,0.9774938254201222
10395,0.2786199527311881
8167,0.24363600151199616
2138,0.34047048788019774
5192,0.1388818285663786
1377,0.17384338234447314
1390,0.23609889411551596
1244,0.13355636133354432
8424,0.4974768538153279
205,0.4758863897713499
9592,0.5511238884015283
116,0.691811518903589
8306,0.38051918271860696
7649,0.9860909668505515
9560,0.7886841934178939
2102,0.10203334092335326
10490,0.603893411338435
97,0.23090884252454136
7618,0.674169776028918
9413,0.2994429059067662
6148,0.8475921256584085
7147,0.8345509892322167
2430,0.7779790602084238
7539,0.9348973175894413
7475,0.6481261198620298
7796,0.41038342270056405
1582,0.3843078111298358
8454,0.23990976815135087
3164,0.22608940268837982
2375,0.6319803285467661
980,0.41271773553714475
10233,0.59509141342919
2271,0.571836460143807
7843,0.26856620367245626
6165,0.60474327879629
3449,0.7336199666852719
8757,0.3717716325908425
9757,0.9304296028384398
6925,0.42871432678756904
6191,0.14950984394983258
6985,0.35192468601170723
9064,0.18683226556005922
2691,0.5972176082895093
657,0.17654150276818187
858,0.23096834204806954
6677,0.9479361350102813
642,0.352427548216317
2627,0.07423119361797169
1569,0.8113275593217835
3674,0.28375072282108976
10095,0.2900184159368789
7423,0.18315666030298633
4993,0.46582679219776374
4983,0.21701128494644967
7070,0.614703610468936
700,0.9536127869231354
2447,0.16033099212459923
2380,0.6447651079802952
8418,0.4570890842070147
1288,0.25518496771112875
9400,0.14878411900558167
8530,0.35327959520971525
784,0.5478152343782974
2969,0.45716248024771633
892,0.8055907241009399
5679,0.11821034494595292
4650,0.22671580789003515
994,0.6320748125818193
9751,0.5332030030024082
9462,0.15395649993343244
4958,0.9156824290185283
506,0.5512509444886406
4631,0.3035628283033225
4321,0.1890295644773624
5617,0.45798065972753155
7571,0.901556467077852
6873,0.39095272881359155
7964,0.13152469809743011
4567,0.33928477992334394
7429,0.8804745302356972
3615,0.25041172161391345
8744,0.21101521612720145
1142,0.33000789879659215
6189,0.2576243663590377
3411,0.5686008739771794
9133,0.5943509646131538
5806,0.6450800579705572
2385,0.14093094620437396
801,0.7176968424048169
4672,0.15423005574824167
6530,0.5316779661427258
260,0.18966459387598997
6624,0.7853390198663199
2001,0.6594138662019399
8403,0.6579536952894869
4935,0.3720687773993992
7264,0.7786844699876476
9714,0.7895475736858654
5903,0.8364407194849661
3176,0.1963809035964406
7441,0.8073549795452415
